<?xml version="1.0" encoding="UTF-8"?>
<project-private xmlns="http://www.netbeans.org/ns/project-private/1">
    <editor-bookmarks xmlns="http://www.netbeans.org/ns/editor-bookmarks/2" lastBookmarkId="0"/>
    <open-files xmlns="http://www.netbeans.org/ns/projectui-open-files/2">
        <group>
            <file>file:/F:/Documents/Java%20Project/myHangmanGame/src/myhangmangame/GameBoard.java</file>
            <file>file:/F:/Documents/Java%20Project/myHangmanGame/src/myhangmangame/LetterTile.java</file>
            <file>file:/F:/Documents/Java%20Project/myHangmanGame/src/myhangmangame/MyHangmanGame.java</file>
            <file>file:/F:/Documents/Java%20Project/myHangmanGame/src/myhangmangame/Hangman.java</file>
            <file>file:/F:/Documents/Java%20Project/myHangmanGame/src/myhangmangame/LetterRack.java</file>
        </group>
    </open-files>
</project-private>
